n_obs,condition,algorithm,trial,ctrl_ms,max_ep,min_clear,tube_safe,collision_free,task_success,qp_infeas_pct
5,nominal,GA-STT,0,2.967372771029942,0.49177673046846937,0.7278197594470284,True,True,True,nan
5,nominal,GA-STT,1,2.926831199872179,0.48802301287627176,1.0638185299927077,True,True,True,nan
5,nominal,GA-STT,2,3.1030739791273554,0.4461348327172197,0.7374933071263952,True,True,True,nan
5,nominal,GA-STT,3,2.706365925997499,0.4923405367263704,1.1447893705941996,True,True,True,nan
5,nominal,GA-STT,4,2.7179129354837364,0.4923354035004274,1.8321003471864774,True,True,True,nan
5,nominal,GA-STT,5,3.147312258698168,0.4854297358816778,0.7946204774534062,True,True,True,nan
5,nominal,GA-STT,6,2.986596772293055,0.4853921211260296,1.1201259743952448,True,True,True,nan
5,nominal,GA-STT,7,3.0693320765351295,0.4870684363716492,0.9094824199230885,True,True,True,nan
5,nominal,GA-STT,8,2.7414762517423337,0.4923357528460169,1.76140436437135,True,True,True,nan
5,nominal,GA-STT,9,2.9924396919640657,0.4862860377399316,0.7413188771404138,True,True,True,nan
5,nominal,GA-STT,10,2.7520375072772443,0.4923390653047344,1.8361455610045505,True,True,True,nan
5,nominal,GA-STT,11,3.091869971536448,0.4860838760501377,0.7517433710528139,True,True,True,nan
5,nominal,GA-STT,12,2.7131819247330484,0.49237471996673615,0.8381453601953284,True,True,True,nan
5,nominal,GA-STT,13,2.935430484501761,0.4887746155191329,1.144078130882301,True,True,True,nan
5,nominal,GA-STT,14,2.7211729936786666,0.4923385713343816,1.2986802704235387,True,True,True,nan
5,nominal,GA-STT,15,2.963158696397015,0.4875005689768633,0.9819349419961639,True,True,True,nan
5,nominal,GA-STT,16,2.874679211892863,0.49233866433919016,0.7985379153648954,True,True,True,nan
5,nominal,GA-STT,17,3.010122697660387,0.4864502294859861,0.8703673288274326,True,True,True,nan
5,nominal,GA-STT,18,3.018799790642846,0.48825501523601544,0.8361677775461703,True,True,True,nan
5,nominal,GA-STT,19,2.7068165414270906,0.492358438478215,1.021327018547495,True,True,True,nan
5,nominal,GA-STT,20,2.9359116957601112,0.4879018322683365,0.9089809180736661,True,True,True,nan
5,nominal,GA-STT,21,2.988023282729186,0.4874376329628783,0.7963121394751126,True,True,True,nan
5,nominal,GA-STT,22,2.991574361162975,0.4544842764603514,0.7546848227010482,True,True,True,nan
5,nominal,GA-STT,23,2.714410025302996,0.4923408188138039,1.2684726910814652,True,True,True,nan
5,nominal,GA-STT,24,3.3054867539548956,0.485457880237452,0.8681354078211809,True,True,True,nan
5,nominal,Baseline,0,2.9423069424421,0.74312602895095,0.577976617337008,True,True,False,nan
5,nominal,Baseline,1,2.850171600887246,0.742961488886429,1.1162642304471757,True,True,False,nan
5,nominal,Baseline,2,2.97477859961957,0.5373162459004378,0.7025648537053777,True,True,True,nan
5,nominal,Baseline,3,2.7606734933602635,0.7476310068168106,0.9931683699619174,True,True,False,nan
5,nominal,Baseline,4,2.7702315395351684,0.747626479144804,1.863983790568521,True,True,False,nan
5,nominal,Baseline,5,3.0557974965221275,0.6852535843667409,0.7951374285298678,True,True,True,nan
5,nominal,Baseline,6,2.871473736246067,0.6837029447547974,1.0845433771442137,True,True,True,nan
5,nominal,Baseline,7,2.9792678412370526,0.7389117708922716,0.8275978344248245,True,True,False,nan
5,nominal,Baseline,8,2.8014086242888503,0.7476267223215856,1.8941376439708797,True,True,False,nan
5,nominal,Baseline,9,2.8846389728027284,0.7215789878272251,0.576235833928121,True,True,False,nan
5,nominal,Baseline,10,2.793062309928022,0.7476268083410852,2.039552614729727,True,True,False,nan
5,nominal,Baseline,11,2.9549816325127742,0.7118336235947079,0.6272324327591501,True,True,True,nan
5,nominal,Baseline,12,2.7724133320646267,0.7476525883301761,0.639859629273102,True,True,False,nan
5,nominal,Baseline,13,2.8830269962012047,0.7442377440825334,1.2940905026333571,True,True,False,nan
5,nominal,Baseline,14,2.786412595190441,0.7476290297758732,1.3438693401809458,True,True,False,nan
5,nominal,Baseline,15,2.8791154212543915,0.7417866521631677,0.9423537518962924,True,True,False,nan
5,nominal,Baseline,16,2.8186423023380933,0.7482825719362888,0.6191227924854014,True,True,False,nan
5,nominal,Baseline,17,2.91774162808053,0.7273496096694093,0.7748871235634999,True,True,False,nan
5,nominal,Baseline,18,2.9014150480704166,0.7333022697225757,0.7248086528790506,True,True,False,nan
5,nominal,Baseline,19,2.773024333964828,0.7476487893634425,0.8899569250743474,True,True,False,nan
5,nominal,Baseline,20,2.858513399109491,0.7428002233800425,0.8354667751049267,True,True,False,nan
5,nominal,Baseline,21,2.916873194815254,0.7415280693860618,0.6455664090747956,True,True,False,nan
5,nominal,Baseline,22,2.8638883523069647,0.7050445309109407,0.5678255018328849,True,True,False,nan
5,nominal,Baseline,23,2.768819516763297,0.7476281915210178,1.0682470997344948,True,True,False,nan
5,nominal,Baseline,24,3.197819664136994,0.6861739378385885,0.7556032894526232,True,True,True,nan
5,nominal,CBF-QP,0,6.292104019608028,0.7392232490700285,0.6542153833968456,True,True,True,nan
5,nominal,CBF-QP,1,6.2333259569896935,0.7629056451158898,0.8226148016525128,True,True,True,nan
5,nominal,CBF-QP,2,6.193280546489354,1.1266872859277166,0.9381844107034653,False,True,True,nan
5,nominal,CBF-QP,3,6.188282302340463,0.7392231138205162,1.3006459756374393,True,True,True,nan
5,nominal,CBF-QP,4,6.201335325110043,0.7392231111458951,1.8130293569902616,True,True,True,nan
5,nominal,CBF-QP,5,6.288650923464356,1.2280376168092468,0.7909777529988953,False,True,True,nan
5,nominal,CBF-QP,6,6.27219337317921,0.8659065931810088,1.1475865539236643,True,True,True,nan
5,nominal,CBF-QP,7,6.275495328272341,0.7392231111459645,0.6803880094100767,True,True,True,nan
5,nominal,CBF-QP,8,6.28644558380887,0.7392231113448033,1.6591208972467404,True,True,True,nan
5,nominal,CBF-QP,9,6.281768667298553,0.7392992944761098,0.8379287414154437,True,True,True,nan
5,nominal,CBF-QP,10,6.277326704616208,0.7392231414575102,1.7005869753209466,True,True,True,nan
5,nominal,CBF-QP,11,6.201729495257687,0.7436615790610585,0.7616526728592206,True,True,True,nan
5,nominal,CBF-QP,12,6.213276944972078,0.7394880988894176,0.9710483833914496,True,True,True,nan
5,nominal,CBF-QP,13,6.24081158317005,0.7392231111458976,0.824927855107193,True,True,True,nan
5,nominal,CBF-QP,14,6.223659092345374,0.7392294145541336,1.2939669393731792,True,True,True,nan
5,nominal,CBF-QP,15,6.218827881084312,0.7392277649208948,0.6952564954321533,True,True,True,nan
5,nominal,CBF-QP,16,6.191697473750617,0.7392869581937511,0.9458192733463223,True,True,True,nan
5,nominal,CBF-QP,17,6.208292135355504,0.7392231363831697,0.8362311037279616,True,True,True,nan
5,nominal,CBF-QP,18,6.204727721699994,0.7708037524591612,0.7817201744454854,True,True,True,nan
5,nominal,CBF-QP,19,6.198003975964595,0.7392231111497815,1.1577061097482368,True,True,True,nan
5,nominal,CBF-QP,20,6.209106151802671,0.7392231395476873,0.8138106600957176,True,True,True,nan
5,nominal,CBF-QP,21,6.201373385829558,0.7506807793571819,0.6754023935220309,True,True,True,nan
5,nominal,CBF-QP,22,6.207582483868462,1.1387316624291872,0.9042908635384715,False,True,True,nan
5,nominal,CBF-QP,23,6.201565858951817,0.739223128056691,1.4818217156318536,True,True,True,nan
5,nominal,CBF-QP,24,6.2158505123366865,0.9768726272689002,0.6632769692858498,True,True,True,nan
5,disturbed,GA-STT,0,3.195040006955615,0.5237608944237115,0.6714521846351982,True,True,True,nan
5,disturbed,GA-STT,1,3.0529703042401883,0.4934166467874609,1.009021830013825,True,True,True,nan
5,disturbed,GA-STT,2,3.104677964578011,0.6028800973678206,0.8275817764014839,True,True,False,nan
5,disturbed,GA-STT,3,3.205389337130532,0.5545860652985527,0.8804350037300777,True,True,False,nan
5,disturbed,GA-STT,4,2.8854970651500618,0.5957249083786997,1.0986163541707836,True,True,False,nan
5,disturbed,GA-STT,5,2.890864907020686,0.45762497215245995,1.804995748352381,True,True,True,nan
5,disturbed,GA-STT,6,2.887985228337669,0.49874891893838574,1.5757875104693262,True,True,True,nan
5,disturbed,GA-STT,7,3.1222259127101197,0.5529074368695995,0.9494765788953966,True,True,True,nan
5,disturbed,GA-STT,8,2.9348761726696044,0.5464741187324769,0.9096337779290635,True,True,True,nan
5,disturbed,GA-STT,9,3.059373561670973,0.5459471423729527,0.8425611830682858,True,True,True,nan
5,disturbed,GA-STT,10,3.0320747805180894,0.6966228874695797,1.122354024360023,True,True,False,nan
5,disturbed,GA-STT,11,3.0295281530691,0.4420643704796842,1.0462491847904243,True,True,True,nan
5,disturbed,GA-STT,12,2.890688580645405,0.560944436124541,1.4402215544352608,True,True,True,nan
5,disturbed,GA-STT,13,3.1777801195468305,0.5457875827452584,0.9235420219027416,True,True,True,nan
5,disturbed,GA-STT,14,3.165879636308344,0.44683352283390215,0.9998785755156461,True,True,True,nan
5,disturbed,GA-STT,15,3.5937850822250845,0.5203100113666744,0.7206213819561427,True,True,True,nan
5,disturbed,GA-STT,16,2.9738938791896183,0.6267541627291228,0.7076471811860914,True,True,False,nan
5,disturbed,GA-STT,17,2.9831112947529936,0.6690511849392436,0.6551725700051816,True,True,False,nan
5,disturbed,GA-STT,18,3.0127699898793314,0.5847016927714069,0.5550362219275872,True,True,False,nan
5,disturbed,GA-STT,19,2.9734264104981785,0.4450349894568605,0.8656821157359085,True,True,True,nan
5,disturbed,GA-STT,20,2.9008278823606677,0.6100658327945607,1.730483640698259,True,True,False,nan
5,disturbed,GA-STT,21,2.9670899683695304,0.5460242122783102,1.1784987057636953,True,True,False,nan
5,disturbed,GA-STT,22,3.1160045313144886,0.56239930150495,0.894501920051783,True,True,False,nan
5,disturbed,GA-STT,23,2.9963027691366393,0.5738611631691487,1.015072613531487,True,True,False,nan
5,disturbed,GA-STT,24,2.9048653788712873,0.5850702222712699,1.3447458112627686,True,True,True,nan
5,disturbed,Baseline,0,3.059364033523316,0.6201065955950187,0.4925635170302568,True,True,True,nan
5,disturbed,Baseline,1,2.9239981119565845,0.7413346289133231,1.020260136405009,True,True,False,nan
5,disturbed,Baseline,2,2.9772426856446366,0.7101270560203141,0.6214522881721432,True,True,False,nan
5,disturbed,Baseline,3,3.0735052213788316,0.774771066257585,0.7191658756185545,True,True,False,nan
5,disturbed,Baseline,4,2.758555780518421,0.7696847959414084,0.9794604658026784,True,True,False,nan
5,disturbed,Baseline,5,2.7669689070187204,0.7167468989133186,1.8318366184968076,True,True,False,nan
5,disturbed,Baseline,6,2.7571050006296454,0.743307587055513,1.3753548829810731,True,True,False,nan
5,disturbed,Baseline,7,3.0016137356132786,0.740004620392892,1.0004306206274762,True,True,True,nan
5,disturbed,Baseline,8,2.8042519898780616,0.7697947084222304,0.8360966363092703,True,True,False,nan
5,disturbed,Baseline,9,2.9198769310572885,0.7411410579189007,0.5721397614691046,True,True,True,nan
5,disturbed,Baseline,10,2.9036053548379774,0.7770168303029995,1.0444371444130987,True,True,False,nan
5,disturbed,Baseline,11,2.8990411827955533,0.6750749563914554,1.1418409752776741,True,True,True,nan
5,disturbed,Baseline,12,2.763059024666571,0.7449623900952052,1.5907212621346871,True,True,False,nan
5,disturbed,Baseline,13,3.0495207210592077,0.6061634141571421,0.7494837812026806,True,True,True,nan
5,disturbed,Baseline,14,3.033736438961899,0.6771732147946028,1.0283152084430802,True,True,True,nan
5,disturbed,Baseline,15,3.463622916509041,0.7571445891004799,0.7176444204156385,True,True,False,nan
5,disturbed,Baseline,16,2.8454648336458805,0.8014367974763356,0.556734668196019,True,True,False,nan
5,disturbed,Baseline,17,2.85611029348591,0.7639759124722901,0.5646514511266785,True,True,False,nan
5,disturbed,Baseline,18,2.876908670464376,0.7920249178967131,0.4621339356346804,True,True,False,nan
5,disturbed,Baseline,19,2.845351803917362,0.7009926496581327,0.8948132592843869,True,True,False,nan
5,disturbed,Baseline,20,2.770109127764053,0.8120143252857099,1.901672766713667,True,True,False,nan
5,disturbed,Baseline,21,2.8504043219433317,0.7037397476832509,1.1643028369010415,True,True,True,nan
5,disturbed,Baseline,22,3.0038602112533384,0.7243094638069859,0.6833823855597854,True,True,False,nan
5,disturbed,Baseline,23,2.86752443074573,0.704915324500713,0.9980418210061099,True,True,False,nan
5,disturbed,Baseline,24,2.7637946748831546,0.7629398622909931,1.5328055880573028,True,True,False,nan
5,disturbed,CBF-QP,0,6.205062865907266,1.2626175552755399,0.7923867971297454,False,True,True,nan
5,disturbed,CBF-QP,1,6.2013177798868195,0.7543073821686209,0.7398404785495273,True,True,True,nan
5,disturbed,CBF-QP,2,6.20463960341434,0.7337689283300192,0.7361166263058707,True,True,True,nan
5,disturbed,CBF-QP,3,6.205006578113014,0.747440627975143,0.6197016612423849,True,True,True,nan
5,disturbed,CBF-QP,4,6.201180676155694,0.7411855187373498,1.266677071103683,True,True,True,nan
5,disturbed,CBF-QP,5,6.194033580012424,0.712142077829665,1.6616301388199524,True,True,True,nan
5,disturbed,CBF-QP,6,6.198275636307549,0.7626750991774706,1.5792862279145854,True,True,True,nan
5,disturbed,CBF-QP,7,6.202549842501164,0.7185549214584115,0.7647319087081792,True,True,True,nan
5,disturbed,CBF-QP,8,6.199390717900689,0.8258652275881188,0.9567944942059612,True,True,True,nan
5,disturbed,CBF-QP,9,6.201432915239965,0.7644800234202715,0.6691012690102749,True,True,True,nan
5,disturbed,CBF-QP,10,6.204214756485285,0.8385114661595651,0.8395254120802268,True,True,True,nan
5,disturbed,CBF-QP,11,6.197367672989771,0.9302971147872237,0.9888677463821562,True,True,True,nan
5,disturbed,CBF-QP,12,6.1982871075299455,0.7579114972517754,1.0917123071679133,True,True,True,nan
5,disturbed,CBF-QP,13,6.2115459165047,1.2650499262357433,0.7302264868083145,False,True,True,nan
5,disturbed,CBF-QP,14,6.194148655913465,0.7223445116131388,0.6605650468507611,True,True,True,nan
5,disturbed,CBF-QP,15,6.231632248577691,0.7517189501453378,0.632021006007963,True,True,True,nan
5,disturbed,CBF-QP,16,6.223553142314315,0.7852865585451133,0.862955082801522,True,True,True,nan
5,disturbed,CBF-QP,17,6.226831977863727,1.1393553686717426,0.8445278120534039,False,True,True,nan
5,disturbed,CBF-QP,18,6.2107166767862205,0.9615049949152781,0.5763664063610981,True,True,True,nan
5,disturbed,CBF-QP,19,6.215939091715302,0.9820791740637925,1.0921721741325825,True,True,True,nan
5,disturbed,CBF-QP,20,6.235806548393663,0.7810049840731397,1.5997829939714716,True,True,True,nan
5,disturbed,CBF-QP,21,6.226894425048046,0.7199163676131242,1.0781308781680923,True,True,True,nan
5,disturbed,CBF-QP,22,6.209880975959997,0.765847913463473,0.7266402760989445,True,True,True,nan
5,disturbed,CBF-QP,23,6.211471018343666,0.8781231493188539,1.0118213095666195,True,True,True,nan
5,disturbed,CBF-QP,24,6.2131035793782745,0.7087292649837144,1.296023787299118,True,True,True,nan
10,nominal,GA-STT,0,3.5967148020278326,0.4811311682605074,0.9864210611061912,True,True,True,nan
10,nominal,GA-STT,1,3.6254286426297013,0.48833966212506025,0.8009469867029241,True,True,True,nan
10,nominal,GA-STT,2,3.484501913348742,0.48997156421418675,0.8414406178733902,True,True,True,nan
10,nominal,GA-STT,3,3.8501643238412404,0.48607183401345594,0.9736596790299228,True,True,True,nan
10,nominal,GA-STT,4,3.639766243515225,0.4654368951804857,0.791784611075033,True,True,True,nan
10,nominal,GA-STT,5,3.6847499057599076,0.4419550043620567,0.7919917368335254,True,True,True,nan
10,nominal,GA-STT,6,3.716476664135903,0.5001755498526613,0.7727334925530894,True,True,True,nan
10,nominal,GA-STT,7,3.5851020739973793,0.48691924380964263,0.973356201006721,True,True,True,nan
10,nominal,GA-STT,8,4.026928896894556,0.48645742901419026,0.7227825172839109,True,True,True,nan
10,nominal,GA-STT,9,nan,nan,nan,False,False,False,nan
10,nominal,GA-STT,10,3.595134831760401,0.487437804816203,0.9143367287750206,True,True,True,nan
10,nominal,GA-STT,11,3.7857272061951277,0.4855273778478874,0.8258730596713368,True,True,True,nan
10,nominal,GA-STT,12,3.5682961467462175,0.4854005171410388,1.0406488921910202,True,True,True,nan
10,nominal,GA-STT,13,3.472256870970734,0.48910156919266407,1.0835278905106323,True,True,True,nan
10,nominal,GA-STT,14,3.902574057561521,0.48035886011734513,0.6993206050193389,True,True,True,nan
10,nominal,GA-STT,15,3.781879137885381,0.48188609134937677,0.8198912114360181,True,True,True,nan
10,nominal,GA-STT,16,3.7129967956957373,0.4855174732034211,0.8174478915208775,True,True,True,nan
10,nominal,GA-STT,17,3.673781655912842,0.4876414433132422,0.9916382367922132,True,True,True,nan
10,nominal,GA-STT,18,3.7433564029119664,0.4861025636050266,0.9625041893030523,True,True,True,nan
10,nominal,GA-STT,19,3.4824045679922775,0.47460162867658406,0.9651723814776698,True,True,True,nan
10,nominal,GA-STT,20,3.5113280107468556,0.4873372012698888,0.97084940470289,True,True,True,nan
10,nominal,GA-STT,21,3.462910689443024,0.4877738181732237,1.0726132062894531,True,True,True,nan
10,nominal,GA-STT,22,3.450769241619995,0.4905073766254131,0.7895808543515809,True,True,True,nan
10,nominal,GA-STT,23,3.5888673440857066,0.48758899098631353,0.8272347121649622,True,True,True,nan
10,nominal,GA-STT,24,3.662956962685542,0.485376912415196,0.8506034754919104,True,True,True,nan
10,nominal,Baseline,0,3.4862535566048143,0.6853550044432494,1.0312786570063042,True,True,False,nan
10,nominal,Baseline,1,3.5638978994273374,0.7442223096325303,0.7617128937365089,True,True,False,nan
10,nominal,Baseline,2,3.420240008226911,0.7446178511194366,0.734927537478417,True,True,False,nan
10,nominal,Baseline,3,3.755026254273088,0.7097043021792394,0.77427148067272,True,True,True,nan
10,nominal,Baseline,4,3.5132394263149496,0.6605467574459228,0.6120953473522959,True,True,False,nan
10,nominal,Baseline,5,3.549219759645432,0.5236949219736724,0.5049166662032566,True,True,False,nan
10,nominal,Baseline,6,3.599695332703396,0.7487358869172808,0.6029826106114877,True,True,False,nan
10,nominal,Baseline,7,3.5014519139777605,0.7366707802670563,0.8864017988219418,True,True,False,nan
10,nominal,Baseline,8,3.9289812270626556,0.7269928598360069,0.7171200174570155,True,True,True,nan
10,nominal,Baseline,9,5.50875648133166,0.861160231706979,0.5507280863509042,True,True,False,nan
10,nominal,Baseline,10,3.504098402284788,0.7412012340527004,0.851055136680221,True,True,True,nan
10,nominal,Baseline,11,3.6835947495338903,0.7216096119775576,0.7727391127066381,True,True,True,nan
10,nominal,Baseline,12,3.4539657919133537,0.6835674253472468,1.0538222965623953,True,True,True,nan
10,nominal,Baseline,13,3.4345041454792447,0.744579591413708,0.9836459174744827,True,True,False,nan
10,nominal,Baseline,14,3.743132203671883,0.6649365001210967,0.5365210892763342,True,True,False,nan
10,nominal,Baseline,15,3.592516565463136,0.6413784861155367,0.8274545758376107,True,True,True,nan
10,nominal,Baseline,16,3.604483972170637,0.6872963267167048,0.7078116628236121,True,True,True,nan
10,nominal,Baseline,17,3.6228989089185264,0.7428875889730565,1.1108048982504477,True,True,True,nan
10,nominal,Baseline,18,3.656235452245071,0.7118059344945531,0.9301261276847282,True,True,True,nan
10,nominal,Baseline,19,3.3685223617971873,0.6660363244279394,1.0086284033409243,True,True,False,nan
10,nominal,Baseline,20,3.388487917138705,0.7407902375160086,0.7863744235798286,True,True,False,nan
10,nominal,Baseline,21,3.393142348509354,0.7426151316330054,1.1221665172759636,True,True,False,nan
10,nominal,Baseline,22,3.346451304239021,0.7347993738456985,0.6330694723375805,True,True,False,nan
10,nominal,Baseline,23,3.516882883616686,0.7416743246789953,0.7334884544409582,True,True,False,nan
10,nominal,Baseline,24,3.5446444712183007,0.6837966986033555,0.7586850866171765,True,True,True,nan
10,nominal,CBF-QP,0,8.154367888680314,0.9541528654965742,0.830981504580611,True,True,True,nan
10,nominal,CBF-QP,1,8.13870451803187,0.7392231178084765,0.6053357745973268,True,True,True,nan
10,nominal,CBF-QP,2,8.147682412403245,0.7392489550267328,0.8523742139017925,True,True,True,nan
10,nominal,CBF-QP,3,8.15397450474683,0.9021754838223267,0.7480204782464066,True,True,True,nan
10,nominal,CBF-QP,4,8.139769592661668,1.2615928817209274,0.7260018033125522,False,True,True,nan
10,nominal,CBF-QP,5,8.121329236552496,1.042088603211954,0.6975830571185239,False,True,True,nan
10,nominal,CBF-QP,6,8.11696834597403,0.7523339883324324,0.7250686780489451,True,True,True,nan
10,nominal,CBF-QP,7,8.139373118908622,0.7392293748332748,0.7481003253136209,True,True,True,nan
10,nominal,CBF-QP,8,8.155452950656763,0.7392231135411903,0.6239758365159617,True,True,True,nan
10,nominal,CBF-QP,9,8.17090342252212,1.1396031280042238,0.5942284884545761,False,True,True,nan
10,nominal,CBF-QP,10,8.130297593293106,0.7392236917922165,0.6773603108373942,True,True,True,nan
10,nominal,CBF-QP,11,8.120749339023922,0.8649160016933547,0.7576934221868152,True,True,True,nan
10,nominal,CBF-QP,12,8.134683547750148,1.0881081433730635,0.8508336375955203,False,True,True,nan
10,nominal,CBF-QP,13,8.124249427575515,0.7392231606943928,0.763539001434461,True,True,True,nan
10,nominal,CBF-QP,14,8.19303729981098,1.1616067932146719,0.8039826794184514,False,True,True,nan
10,nominal,CBF-QP,15,8.120884645159336,1.228922808292747,0.8570887910960181,False,True,True,nan
10,nominal,CBF-QP,16,8.13000414547245,0.9833847941578876,0.6284731011542318,True,True,True,nan
10,nominal,CBF-QP,17,8.106585806447013,0.7392235496711209,0.5778584097966284,True,True,True,nan
10,nominal,CBF-QP,18,8.190386823532199,0.7661497029484327,0.7124172186877744,True,True,True,nan
10,nominal,CBF-QP,19,8.213110526249693,1.1050953601059055,1.187940211839473,False,True,True,nan
10,nominal,CBF-QP,20,8.14278464073816,0.7393874112731126,0.7266386355492596,True,True,True,nan
10,nominal,CBF-QP,21,8.116154591396187,0.7392231111894998,0.7471816649748553,True,True,True,nan
10,nominal,CBF-QP,22,8.114408957628946,0.7788054798553352,0.8769647083739619,True,True,True,nan
10,nominal,CBF-QP,23,8.12006675459566,0.7392231112864706,0.7634114610917829,True,True,True,nan
10,nominal,CBF-QP,24,8.130192506647926,1.154505928090312,0.7496846272913497,False,True,True,nan
10,disturbed,GA-STT,0,3.5936855117003628,0.5300066482722123,0.9913922835312531,True,True,True,nan
10,disturbed,GA-STT,1,3.7706754617287097,0.5322172475815716,0.6989156483192428,True,True,False,nan
10,disturbed,GA-STT,2,3.6437050626249206,0.5119552767467643,0.818213068381737,True,True,True,nan
10,disturbed,GA-STT,3,3.972539758375772,0.49060121401065443,0.9633722978262751,True,True,True,nan
10,disturbed,GA-STT,4,3.633186979752925,0.4489934651939838,0.879786315195446,True,True,True,nan
10,disturbed,GA-STT,5,3.552608574314326,0.5310066052359836,1.0878198012545495,True,True,True,nan
10,disturbed,GA-STT,6,3.806519915234252,0.5573891704595741,0.839651447761932,True,True,False,nan
10,disturbed,GA-STT,7,3.5822749361167134,0.6895288032735253,0.612486216427508,True,True,False,nan
10,disturbed,GA-STT,8,3.6459128368129186,0.5059798162437366,0.850283888515232,True,True,True,nan
10,disturbed,GA-STT,9,3.473668538895855,0.47291254360119067,0.9302144199820496,True,True,True,nan
10,disturbed,GA-STT,10,3.4719140733635325,0.450892090070018,1.0377638716379898,True,True,True,nan
10,disturbed,GA-STT,11,3.9411096192201143,0.52474067573552,0.7683766585697916,True,True,True,nan
10,disturbed,GA-STT,12,3.4774669924135266,0.5193412398182314,1.028887520729085,True,True,True,nan
10,disturbed,GA-STT,13,3.7433327824181637,0.6016518521575243,0.6405941984100305,True,True,False,nan
10,disturbed,GA-STT,14,3.619811660969565,0.5753306407434552,0.8031945867729303,True,True,True,nan
10,disturbed,GA-STT,15,3.462037541432574,0.586053598390019,0.717012430309038,True,True,False,nan
10,disturbed,GA-STT,16,3.9557079443356864,0.43395721509892315,0.9317820171338367,True,True,True,nan
10,disturbed,GA-STT,17,3.5009315123365745,0.5073594972483484,0.8797490542816185,True,True,True,nan
10,disturbed,GA-STT,18,3.7840420177066485,0.542390139287406,0.9015146686485245,True,True,True,nan
10,disturbed,GA-STT,19,3.508233790638261,0.5942762028382922,0.8415068596351761,True,True,False,nan
10,disturbed,GA-STT,20,3.9128744174517998,0.5542581759615377,0.8511905451422921,True,True,False,nan
10,disturbed,GA-STT,21,3.7684995439571707,0.49119871306699725,0.8702654129416728,True,True,True,nan
10,disturbed,GA-STT,22,3.534525741299268,0.6121443601227473,1.178280255131685,True,True,False,nan
10,disturbed,GA-STT,23,3.526352792546481,0.42851895115061306,0.9654053934284638,True,True,True,nan
10,disturbed,GA-STT,24,4.0270581132283265,0.5082449628111045,0.5818357757048122,True,True,True,nan
10,disturbed,Baseline,0,3.4657064010116474,0.7403024401165227,0.970508196910321,True,True,True,nan
10,disturbed,Baseline,1,3.6301241701426123,0.7295141895864965,0.4779439878927241,True,True,False,nan
10,disturbed,Baseline,2,3.5382959494048025,0.6645614085947658,0.7171098707639716,True,True,False,nan
10,disturbed,Baseline,3,3.8639164807074566,0.7332132498623138,0.7723113591514559,True,True,True,nan
10,disturbed,Baseline,4,3.506274760912455,0.5872757664076862,0.6676988448184508,True,True,True,nan
10,disturbed,Baseline,5,3.4108474611036974,0.7036136872496322,1.0913949744010485,True,True,True,nan
10,disturbed,Baseline,6,3.7183303295404904,0.6967765417106396,0.6108848893262459,True,True,True,nan
10,disturbed,Baseline,7,3.465940782415676,0.7225672157032063,0.5748220559811564,True,True,False,nan
10,disturbed,Baseline,8,3.527500535744943,0.6270335857656782,0.5955893884015783,True,True,True,nan
10,disturbed,Baseline,9,3.3410599943012453,0.7146907474253442,0.8239469680939647,True,True,False,nan
10,disturbed,Baseline,10,3.356260972176079,0.771062378362648,0.848313145833488,True,True,False,nan
10,disturbed,Baseline,11,3.822830018970084,0.7185863284571867,0.8717289877434465,True,True,True,nan
10,disturbed,Baseline,12,3.3552570664155197,0.763103258910984,0.9638669232524824,True,True,False,nan
10,disturbed,Baseline,13,3.6033122662877495,0.7612949395312013,0.49754921436803695,True,True,False,nan
10,disturbed,Baseline,14,3.5127899051219624,0.7456647544216966,0.6125325204673892,True,True,False,nan
10,disturbed,Baseline,15,3.335927991144012,0.8176513698509928,0.6835835248881289,True,True,False,nan
10,disturbed,Baseline,16,3.8379133934172565,0.7362027659930701,0.867271249319389,True,True,True,nan
10,disturbed,Baseline,17,3.383785450353224,0.765554447528344,0.6486601764645173,True,True,False,nan
10,disturbed,Baseline,18,3.6741054851350725,0.7151693722440299,0.7451487029682082,True,True,False,nan
10,disturbed,Baseline,19,3.3707895920308375,0.7183840985710702,0.6856277441400976,True,True,False,nan
10,disturbed,Baseline,20,3.7944114301022918,0.5006714705644068,0.7186861757922121,True,True,True,nan
10,disturbed,Baseline,21,3.6273789025847716,0.7013837058319911,0.7597014837333086,True,True,False,nan
10,disturbed,Baseline,22,3.4183286268235458,0.7752566343160254,1.230747079752486,True,True,False,nan
10,disturbed,Baseline,23,3.392366276410819,0.6959723313705116,0.8830455436137615,True,True,False,nan
10,disturbed,Baseline,24,3.907804483874203,0.7338498832152403,0.7177070869970563,True,True,True,nan
10,disturbed,CBF-QP,0,8.144622258064441,0.7808116823652864,0.7050816317145875,True,True,True,nan
10,disturbed,CBF-QP,1,8.131974642001031,0.6955385154953665,0.6327056684542619,True,True,True,nan
10,disturbed,CBF-QP,2,8.11309884567015,1.2870411672412279,0.9202264728160927,False,True,True,nan
10,disturbed,CBF-QP,3,8.15037267931454,0.7359364238586044,0.557748338362116,True,True,True,nan
10,disturbed,CBF-QP,4,8.124420340921217,0.9658030731902285,0.7767839586361073,True,True,True,nan
10,disturbed,CBF-QP,5,8.126310795073548,0.7542199215589627,0.614474123238009,True,True,True,nan
10,disturbed,CBF-QP,6,8.12313360468163,0.7212799269266129,0.5622690673644449,True,True,True,nan
10,disturbed,CBF-QP,7,8.125197169513111,1.0573811076789996,0.7434102649819425,False,True,True,nan
10,disturbed,CBF-QP,8,8.123247324481776,1.3173458135571612,0.8027040668707367,False,True,True,nan
10,disturbed,CBF-QP,9,8.131581605319068,0.7517833479340679,0.8001734195061211,True,True,True,nan
10,disturbed,CBF-QP,10,8.119013493353139,0.7269461062807137,0.9362095803536352,True,True,True,nan
10,disturbed,CBF-QP,11,8.14355242125049,0.7624334880738916,0.4741396312425037,True,True,True,nan
10,disturbed,CBF-QP,12,8.104392347883376,0.6940079260229779,0.9469266750299403,True,True,True,nan
10,disturbed,CBF-QP,13,8.135412179629387,0.7218592494808976,0.5755090238597362,True,True,True,nan
10,disturbed,CBF-QP,14,8.121363626182362,0.7433406381792989,0.7484716962020616,True,True,True,nan
10,disturbed,CBF-QP,15,8.12916981657325,1.1430868977660746,0.9530911923448065,False,True,True,nan
10,disturbed,CBF-QP,16,8.12427382289725,0.6686607566852791,0.5672161894832614,True,True,True,nan
10,disturbed,CBF-QP,17,8.12144501833763,0.7481933112854221,0.813924046755382,True,True,True,nan
10,disturbed,CBF-QP,18,8.13633196394549,0.7836036171989363,0.6523298721497905,True,True,True,nan
10,disturbed,CBF-QP,19,8.130166509811005,0.782984533743894,0.8454173082640929,True,True,True,nan
10,disturbed,CBF-QP,20,8.13127781341191,1.0145200110801318,0.7829272120104698,False,True,True,nan
10,disturbed,CBF-QP,21,8.148501450352013,0.7702291563500744,0.7361784618471753,True,True,True,nan
10,disturbed,CBF-QP,22,8.112704959520423,0.7402720364881751,0.875386827409991,True,True,True,nan
10,disturbed,CBF-QP,23,8.129340988610943,0.7423403699227978,0.887735931336318,True,True,True,nan
10,disturbed,CBF-QP,24,8.116229535741116,0.7270036564789696,0.6770820608251126,True,True,True,nan
15,nominal,GA-STT,0,4.027262132828349,0.48834730607929566,0.8713193794255544,True,True,True,nan
15,nominal,GA-STT,1,4.468019218852155,0.48620384652898585,0.8539447522465677,True,True,True,nan
15,nominal,GA-STT,2,4.166315944980509,0.4850987631335894,0.8129329236494258,True,True,True,nan
15,nominal,GA-STT,3,3.779694189758493,0.4923715168290969,1.1329156628542885,True,True,True,nan
15,nominal,GA-STT,4,4.242310440851718,0.4832750362589645,0.8904575408177169,True,True,True,nan
15,nominal,GA-STT,5,4.039840741938501,0.4881523416419237,0.9731424031160378,True,True,True,nan
15,nominal,GA-STT,6,4.586203968365128,0.48458148650499233,0.7272969501407041,True,True,True,nan
15,nominal,GA-STT,7,4.251295912722495,0.4855559022850851,0.758261761783344,True,True,True,nan
15,nominal,GA-STT,8,4.126356982921183,0.4976539768712942,0.8362872085951902,True,True,True,nan
15,nominal,GA-STT,9,4.086430013926874,0.48340159616519024,0.7982419567223961,True,True,True,nan
15,nominal,GA-STT,10,4.400988982295767,0.4824427962400668,0.8053868381160088,True,True,True,nan
15,nominal,GA-STT,11,4.28582207210773,0.4861643967931412,0.7778192181499166,True,True,True,nan
15,nominal,GA-STT,12,4.349721937376798,0.4323114247006557,0.8236373970095144,True,True,True,nan
15,nominal,GA-STT,13,4.296734642007175,0.471004240728594,0.7889427053484095,True,True,True,nan
15,nominal,GA-STT,14,4.104914216331801,0.4861453949701653,0.7398137839485915,True,True,True,nan
15,nominal,GA-STT,15,3.960937488933236,0.49228880384152157,0.7494226116303668,True,True,True,nan
15,nominal,GA-STT,16,4.126598605942353,0.4856606101576528,0.8266314281915228,True,True,True,nan
15,nominal,GA-STT,17,4.10756899431803,0.48093775194583543,0.9165933500462304,True,True,True,nan
15,nominal,GA-STT,18,4.2476427235869885,0.48435043908206565,0.7299888950979105,True,True,True,nan
15,nominal,GA-STT,19,4.074587869702973,0.4523646062488868,0.7380863993828033,True,True,True,nan
15,nominal,GA-STT,20,4.404737483871792,0.4586167743773986,0.7559740747369476,True,True,True,nan
15,nominal,GA-STT,21,4.281618495253041,0.48262836109724433,0.7413190086534271,True,True,True,nan
15,nominal,GA-STT,22,4.559502481331983,0.48899178924861725,0.5788086553965217,True,True,True,nan
15,nominal,GA-STT,23,4.545301449061764,0.42276129648676036,0.7563742540793836,True,True,True,nan
15,nominal,GA-STT,24,4.446805984197046,0.482791241105108,0.7062641861796067,True,True,True,nan
15,nominal,Baseline,0,3.9712947666009026,0.7438915436845434,0.6715918678989378,True,True,False,nan
15,nominal,Baseline,1,4.377905266922182,0.71750944448848,0.7747860267903603,True,True,True,nan
15,nominal,Baseline,2,4.067188010759216,0.6766032990924251,0.6682047236182103,True,True,False,nan
15,nominal,Baseline,3,3.8427938741309124,0.7476561184830545,0.9733357745348303,True,True,False,nan
15,nominal,Baseline,4,4.136256728020315,0.655292200148324,0.8597796415243626,True,True,True,nan
15,nominal,Baseline,5,3.971632452875493,0.7430867023817685,0.8174717915186094,True,True,False,nan
15,nominal,Baseline,6,4.489182459834423,0.6673878680782711,0.6146778363194207,True,True,True,nan
15,nominal,Baseline,7,4.146149598354844,0.6888808544301106,0.6513189921312132,True,True,True,nan
15,nominal,Baseline,8,4.02122857747756,0.7495446693916897,0.7558904300080816,True,True,False,nan
15,nominal,Baseline,9,3.970795098669877,0.6740179028414587,0.6785612814112805,True,True,False,nan
15,nominal,Baseline,10,4.303854524984018,0.6784123745268845,0.7051845444018678,True,True,True,nan
15,nominal,Baseline,11,4.186935633160708,0.7160838616258383,0.6757217433706937,True,True,True,nan
15,nominal,Baseline,12,4.236916604676492,0.7185966357000498,0.6264922004645903,True,True,True,nan
15,nominal,Baseline,13,4.179940835534024,0.5924225241947878,0.7238579334412372,True,True,True,nan
15,nominal,Baseline,14,4.00984668817138,0.7192720473675301,0.5737782854820489,True,True,False,nan
15,nominal,Baseline,15,3.900881370003031,0.7430145652233746,0.5665236634499761,True,True,False,nan
15,nominal,Baseline,16,4.027254462370935,0.7283802811419104,0.6905619181483349,True,True,True,nan
15,nominal,Baseline,17,4.010822271366636,0.6612926394321054,0.8285205001163429,True,True,True,nan
15,nominal,Baseline,18,4.163037314360791,0.6645324141851838,0.6356466015783339,True,True,True,nan
15,nominal,Baseline,19,3.9540849165112135,0.6925983018185332,0.5328029221731264,True,True,False,nan
15,nominal,Baseline,20,4.310250588854618,0.5579407602194278,0.6548420724383525,True,True,True,nan
15,nominal,Baseline,21,4.168090988599301,0.6482501960329208,0.6774072733575125,True,True,True,nan
15,nominal,Baseline,22,4.533270819096417,0.7447658302751995,0.5126563628992593,True,True,True,nan
15,nominal,Baseline,23,4.426066119547275,0.786031469830702,0.5173511557676171,True,True,False,nan
15,nominal,Baseline,24,4.346036925995603,0.6539385885790413,0.38303531064292995,True,True,False,nan
15,nominal,CBF-QP,0,10.261102169511004,0.7392245606249499,0.7181728766084403,True,True,True,nan
15,nominal,CBF-QP,1,10.273435405438086,0.7397918982929509,0.6496948260005486,True,True,True,nan
15,nominal,CBF-QP,2,10.248351196722606,1.24105747449794,0.721711672611406,False,True,True,nan
15,nominal,CBF-QP,3,10.253714642626523,0.7400721907754233,1.1551744957475432,True,True,True,nan
15,nominal,CBF-QP,4,10.259062946239826,1.3211885210711938,0.9139565182806993,False,True,True,nan
15,nominal,CBF-QP,5,10.253581747624844,0.7567238253105811,0.8394703305210411,True,True,True,nan
15,nominal,CBF-QP,6,10.266779559770976,1.2372344127752117,0.7327513195178368,False,True,True,nan
15,nominal,CBF-QP,7,10.257760888661986,1.1172939725539435,0.8235935760560504,False,True,True,nan
15,nominal,CBF-QP,8,10.262028121443183,0.986564483949733,0.8285603940440535,True,True,True,nan
15,nominal,CBF-QP,9,10.244257581272386,1.1424316736281788,0.867506694261527,False,True,True,nan
15,nominal,CBF-QP,10,10.261484108145135,1.0896686534747133,0.7033813624361129,False,True,True,nan
15,nominal,CBF-QP,11,10.204171984192655,0.7464808068556078,0.7315498441106985,True,True,True,nan
15,nominal,CBF-QP,12,10.126898711591473,0.7866164735345142,0.8018642615411385,True,True,True,nan
15,nominal,CBF-QP,13,10.114799787468776,1.2119387242727633,0.7388740562408567,False,True,True,nan
15,nominal,CBF-QP,14,10.0884235401596,0.7609863945110854,0.7086204653512752,True,True,True,nan
15,nominal,CBF-QP,15,10.109897960768642,0.740656070429648,0.8034257846714161,True,True,True,nan
15,nominal,CBF-QP,16,10.10884340481209,0.8022472610318337,0.7424306867037376,True,True,True,nan
15,nominal,CBF-QP,17,10.137005224540276,0.9688535517130855,0.8319129664591758,True,True,True,nan
15,nominal,CBF-QP,18,10.108948547122543,1.0776281544617474,0.5936682864501936,False,True,True,nan
15,nominal,CBF-QP,19,10.1324977185408,1.1323289113373658,0.7923163464230705,False,True,True,nan
15,nominal,CBF-QP,20,10.11591000820809,1.1665763406398617,0.6676403034891242,False,True,True,nan
15,nominal,CBF-QP,21,10.127056626812532,1.2952134498367964,0.745886317964187,False,True,True,nan
15,nominal,CBF-QP,22,10.124725132188626,0.7392232342489785,0.6446583847050837,True,True,True,nan
15,nominal,CBF-QP,23,10.12360953383495,0.8604409278861318,0.6555546658868117,True,True,True,nan
15,nominal,CBF-QP,24,10.123851290958552,1.3351335963752005,0.7413525446355312,False,True,True,nan
15,disturbed,GA-STT,0,4.486907285260047,0.5189799313003136,0.8065316417126572,True,True,True,nan
15,disturbed,GA-STT,1,4.050116283366792,0.4631583711721449,0.7734971861749353,True,True,True,nan
15,disturbed,GA-STT,2,4.086904049338038,0.5923533354964542,0.7707793180247173,True,True,False,nan
15,disturbed,GA-STT,3,4.035201822270078,0.602354196997953,1.0899902079489439,True,True,False,nan
15,disturbed,GA-STT,4,4.421167269447841,0.5916440988298867,0.6415342025231319,True,True,False,nan
15,disturbed,GA-STT,5,4.380532139778165,0.6473794551327148,0.7426390318629534,True,True,False,nan
15,disturbed,GA-STT,6,3.9896507286553686,0.46563671280024216,1.058781719024229,True,True,True,nan
15,disturbed,GA-STT,7,4.02910606135265,0.5763342309692778,0.8859851263145364,True,True,False,nan
15,disturbed,GA-STT,8,3.997855962041585,0.4641278358108057,0.9441380395226104,True,True,True,nan
15,disturbed,GA-STT,9,4.424601326382447,0.6070219751502869,0.6227188867674301,True,True,False,nan
15,disturbed,GA-STT,10,4.283029121450351,0.5004591644309936,0.7866579221744985,True,True,True,nan
15,disturbed,GA-STT,11,4.016764455410833,0.508916801053324,0.732808575406934,True,True,True,nan
15,disturbed,GA-STT,12,4.282903340299929,0.6292258050460078,0.7258142965417627,True,True,False,nan
15,disturbed,GA-STT,13,4.303565098672808,0.5110342474483642,0.7426338056621258,True,True,True,nan
15,disturbed,GA-STT,14,4.393515984187527,0.5617232861726121,0.7427652162479601,True,True,False,nan
15,disturbed,GA-STT,15,3.987532708397558,0.4493735671702012,0.87336533938511,True,True,True,nan
15,disturbed,GA-STT,16,4.075686684367406,0.5030042285831696,0.8320727763057358,True,True,True,nan
15,disturbed,GA-STT,17,4.28788835420794,0.47429580771093227,0.8665867903669854,True,True,True,nan
15,disturbed,GA-STT,18,4.9150722156876085,0.4887270936403312,0.7324349348308065,True,True,True,nan
15,disturbed,GA-STT,19,4.090067395327107,0.6519171874826212,0.7233264614609166,True,True,False,nan
15,disturbed,GA-STT,20,4.182601557252214,0.5574823453605489,0.6489940368361573,True,True,True,nan
15,disturbed,GA-STT,21,3.9242602726125035,0.6561229016843579,1.1011645551915634,True,True,False,nan
15,disturbed,GA-STT,22,3.9644293042464267,0.6902965244668465,0.5914935630906464,True,True,False,nan
15,disturbed,GA-STT,23,4.184879141049005,0.4996987310668723,0.6845950712595438,True,True,True,nan
15,disturbed,GA-STT,24,4.409178169503203,0.6251073499692514,0.8006183623905178,True,True,True,nan
15,disturbed,Baseline,0,4.385744932315717,0.7547141258871289,0.6149061498619487,True,True,True,nan
15,disturbed,Baseline,1,3.923695804541602,0.708820075867056,0.6601833577550864,True,True,False,nan
15,disturbed,Baseline,2,3.967216129665811,0.7303824308943099,0.6490864458731618,True,True,False,nan
15,disturbed,Baseline,3,3.922842261222145,0.6718926704693153,1.1008521507507976,True,True,True,nan
15,disturbed,Baseline,4,4.306084265008187,0.6826860348559919,0.6881291497252218,True,True,True,nan
15,disturbed,Baseline,5,4.290270934842054,0.5809880600852525,0.747060477094575,True,True,True,nan
15,disturbed,Baseline,6,3.870279457306061,0.7171848750835386,0.8350525564871678,True,True,False,nan
15,disturbed,Baseline,7,3.9211308241640297,0.7138046268493727,0.7754687980546637,True,True,False,nan
15,disturbed,Baseline,8,3.864120285878426,0.7048486562544397,0.7656475534540323,True,True,False,nan
15,disturbed,Baseline,9,4.312702806446263,0.7425781834733001,0.6213791518681882,True,True,False,nan
15,disturbed,Baseline,10,4.175516239725061,0.6218597392235448,0.7114662405242483,True,True,True,nan
15,disturbed,Baseline,11,3.897073352952405,0.6965837987010003,0.5777537760122351,True,True,False,nan
15,disturbed,Baseline,12,4.191935375711826,0.7841325196143075,0.6401673618671854,True,True,True,nan
15,disturbed,Baseline,13,4.191676887420715,0.7151727822957419,0.753237100017095,True,True,True,nan
15,disturbed,Baseline,14,4.275279492725091,0.6385716160539638,0.5386688837180033,True,True,False,nan
15,disturbed,Baseline,15,3.8636641429525023,0.68775841024823,0.6496832286197274,True,True,False,nan
15,disturbed,Baseline,16,3.9569438627446214,0.717472190852162,0.7485035987056825,True,True,True,nan
15,disturbed,Baseline,17,4.151519629361958,0.5857920903314338,0.5157430003639073,True,True,True,nan
15,disturbed,Baseline,18,4.790583373200906,0.655463360033343,0.47147933549654925,True,True,True,nan
15,disturbed,Baseline,19,3.965408733074064,0.7598273042218171,0.6118065152405346,True,True,False,nan
15,disturbed,Baseline,20,4.065011600246631,0.7290159530293511,0.6831998726504322,True,True,False,nan
15,disturbed,Baseline,21,3.798073059455917,0.7762843761721505,0.9004453724765904,True,True,False,nan
15,disturbed,Baseline,22,3.8588913327107264,0.7498744849480851,0.7114985866075851,True,True,False,nan
15,disturbed,Baseline,23,4.0698714566650445,0.5891811977014917,0.5760564584789799,True,True,False,nan
15,disturbed,Baseline,24,4.2979582612174365,0.7313786515482987,0.5581424998739928,True,True,False,nan
15,disturbed,CBF-QP,0,10.118283249850316,0.9599619271062324,0.6482093563327587,True,True,True,nan
15,disturbed,CBF-QP,1,10.124380884890014,0.7237065428261894,0.8316356514378496,True,True,True,nan
15,disturbed,CBF-QP,2,10.1132344857597,0.7406896924318588,0.7357030730463827,True,True,True,nan
15,disturbed,CBF-QP,3,10.126834138530162,1.058178451032108,1.0321803252703186,False,True,True,nan
15,disturbed,CBF-QP,4,10.12822642377793,1.3960120561363225,0.6510957370360517,False,True,True,nan
15,disturbed,CBF-QP,5,10.220715013926993,1.1562583939079882,0.7286627616227246,False,True,True,nan
15,disturbed,CBF-QP,6,10.124596538907623,0.7156513071714841,0.7395396105338076,True,True,True,nan
15,disturbed,CBF-QP,7,10.131809520558505,0.715949290862429,0.8121018031716909,True,True,True,nan
15,disturbed,CBF-QP,8,10.128395653373675,0.7328771098476472,0.9510514752926663,True,True,True,nan
15,disturbed,CBF-QP,9,10.133826211874478,0.8551212727874639,0.6627000444340491,True,True,True,nan
15,disturbed,CBF-QP,10,10.129126224547873,1.144305648470567,0.7548866984251528,False,True,True,nan
15,disturbed,CBF-QP,11,10.122916638202069,0.6495492627094481,0.7065359313500925,True,True,True,nan
15,disturbed,CBF-QP,12,10.130114192280134,0.9119070300669145,0.7153401738662418,True,True,True,nan
15,disturbed,CBF-QP,13,10.154729970908447,0.7661316642008142,0.5807154957658822,True,True,True,nan
15,disturbed,CBF-QP,14,10.279122203028031,1.3711001418367696,0.7763567735772645,False,True,True,nan
15,disturbed,CBF-QP,15,10.123537308029224,1.0649428143531732,0.9613559434251804,False,True,True,nan
15,disturbed,CBF-QP,16,10.109638087295814,0.7439966730236454,0.7265169121788289,True,True,True,nan
15,disturbed,CBF-QP,17,10.14206116445895,1.2466482939118195,0.5728396717070713,False,True,True,nan
15,disturbed,CBF-QP,18,10.12162509360436,1.2370545088628282,0.5104085084204042,False,True,True,nan
15,disturbed,CBF-QP,19,10.131982420003913,0.7901437386237365,0.7272379194892703,True,True,True,nan
15,disturbed,CBF-QP,20,10.116580798225932,0.7491346932215689,0.7086616818043889,True,True,True,nan
15,disturbed,CBF-QP,21,10.126536550915704,0.7407835758333474,1.0764493741342314,True,True,True,nan
15,disturbed,CBF-QP,22,10.102911822915607,0.7506482591068094,0.8560228217199484,True,True,True,nan
15,disturbed,CBF-QP,23,10.137280919026077,1.1040615114911307,0.7623447336527314,False,True,True,nan
15,disturbed,CBF-QP,24,10.12934641427366,1.0188037825709921,0.6550307641061823,False,True,True,nan
20,nominal,GA-STT,0,4.46483800319086,0.49284490267717534,0.7508305848043062,True,True,True,nan
20,nominal,GA-STT,1,4.5687436907012575,0.48657564746155146,0.7816768592471659,True,True,True,nan
20,nominal,GA-STT,2,4.670315922822444,0.4875306863566088,0.7957211452431137,True,True,True,nan
20,nominal,GA-STT,3,4.8380901031102646,0.4860407857881797,0.8737752109385188,True,True,True,nan
20,nominal,GA-STT,4,4.882687965218011,0.48603546548841237,0.7835872411722609,True,True,True,nan
20,nominal,GA-STT,5,4.719307081583501,0.47250279434068176,0.7697462328438535,True,True,True,nan
20,nominal,GA-STT,6,nan,nan,nan,False,False,False,nan
20,nominal,GA-STT,7,5.208290609746658,0.48750250073478935,0.7340297882241059,True,True,True,nan
20,nominal,GA-STT,8,4.634876303614087,0.45833875964670373,0.9475012889656497,True,True,True,nan
20,nominal,GA-STT,9,5.122351719793388,0.47833383862389683,0.7893237116691212,True,True,True,nan
20,nominal,GA-STT,10,4.619898798236119,0.4742369241965387,0.7338521589370421,True,True,True,nan
20,nominal,GA-STT,11,4.851113672996423,0.48292298775121156,0.7882590941594818,True,True,True,nan
20,nominal,GA-STT,12,4.797681755837476,0.48440658704597184,0.8357795033932207,True,True,True,nan
20,nominal,GA-STT,13,4.68038844466545,0.4340382227777914,0.7102957746765433,True,True,True,nan
20,nominal,GA-STT,14,5.409141240354528,0.48601537348894797,0.7853372409687475,True,True,True,nan
20,nominal,GA-STT,15,4.704851096774005,0.475607215012675,0.8410248136427037,True,True,True,nan
20,nominal,GA-STT,16,4.4423186141600235,0.48715995254014416,0.8584450979419036,True,True,True,nan
20,nominal,GA-STT,17,4.725994082862284,0.482244885276946,0.7034320942852554,True,True,True,nan
20,nominal,GA-STT,18,4.704352843136579,0.4754101350289902,0.8349807458193618,True,True,True,nan
20,nominal,GA-STT,19,4.843256982291795,0.46686357512297405,0.7469563538482503,True,True,True,nan
20,nominal,GA-STT,20,4.694250555361328,0.4863243482393571,0.9514619674899868,True,True,True,nan
20,nominal,GA-STT,21,4.801938452881904,0.48624284514844496,0.8301095946372761,True,True,True,nan
20,nominal,GA-STT,22,5.1575512239038055,0.484986240952049,0.6114714658299315,True,True,True,nan
20,nominal,GA-STT,23,4.482739662246744,0.49945847904825774,0.7416616513592807,True,True,True,nan
20,nominal,GA-STT,24,4.845220120808046,0.485885445862612,0.8250794223301031,True,True,True,nan
20,nominal,Baseline,0,4.408019578763158,0.7430613850342982,0.5660699259286797,True,True,False,nan
20,nominal,Baseline,1,4.493269614156621,0.7291506444083986,0.6164991511560958,True,True,False,nan
20,nominal,Baseline,2,4.629899411766439,0.741897547983733,0.617452115471249,True,True,False,nan
20,nominal,Baseline,3,4.748643173302238,0.7084412923405234,0.7655476665637557,True,True,True,nan
20,nominal,Baseline,4,4.815967726118724,0.7080001178706326,0.7257614218888173,True,True,True,nan
20,nominal,Baseline,5,4.614664216306958,0.6078621706475396,0.7001189107792833,True,True,True,nan
20,nominal,Baseline,6,6.222885803915585,0.7708129915754466,0.4562949579087865,True,True,False,nan
20,nominal,Baseline,7,5.117954235301827,0.7413530401483712,0.6662234480160906,True,True,True,nan
20,nominal,Baseline,8,4.534270271335249,0.5642667623842851,0.9557579604934939,True,True,True,nan
20,nominal,Baseline,9,5.034884580651229,0.6305628808211968,0.7422192409307113,True,True,True,nan
20,nominal,Baseline,10,4.520460542680678,0.6098054500805956,0.6041679761309204,True,True,False,nan
20,nominal,Baseline,11,4.756784932333561,0.6501802767333423,0.7467393174379786,True,True,True,nan
20,nominal,Baseline,12,4.694292168881243,0.6661587624243073,0.6358291774335572,True,True,True,nan
20,nominal,Baseline,13,4.568079924104666,0.8333416304151062,0.41974518216563467,True,True,False,nan
20,nominal,Baseline,14,5.320754468692428,0.7076272932932087,0.6984538135010832,True,True,True,nan
20,nominal,Baseline,15,4.58985778557432,0.6083994115615854,0.7966931755489661,True,True,True,nan
20,nominal,Baseline,16,4.383265660351047,0.738825463692125,0.6932114142268555,True,True,False,nan
20,nominal,Baseline,17,4.6245132802047255,0.6571150465305051,0.5275120343272341,True,True,False,nan
20,nominal,Baseline,18,4.61802432512555,0.6157079073695584,0.7640136060920187,True,True,True,nan
20,nominal,Baseline,19,4.741057343446397,0.5947025414163395,0.6731240314617787,True,True,True,nan
20,nominal,Baseline,20,4.607604214422162,0.7225883379086319,0.8583511524136596,True,True,True,nan
20,nominal,Baseline,21,4.707070186586453,0.7193505116711604,0.6290738279505592,True,True,True,nan
20,nominal,Baseline,22,5.060520780525051,0.6884505229301521,0.5871908312855356,True,True,False,nan
20,nominal,Baseline,23,4.374643147375128,0.7538234175426645,0.573041749751617,True,True,False,nan
20,nominal,Baseline,24,4.752244820381812,0.7022082579285773,0.6140578786132124,True,True,True,nan
20,nominal,CBF-QP,0,12.212385827334504,0.7404828148777785,0.8261571242986578,True,True,True,nan
20,nominal,CBF-QP,1,12.21438562999312,0.8345133440829098,0.7851587766540915,True,True,True,nan
20,nominal,CBF-QP,2,12.207184692615474,0.739223112438954,0.6876918876175737,True,True,True,nan
20,nominal,CBF-QP,3,12.21163709741517,0.9113985462245713,0.6303768315797977,True,True,True,nan
20,nominal,CBF-QP,4,12.216574048068377,0.8935584903895792,0.6631375265379409,True,True,True,nan
20,nominal,CBF-QP,5,12.226704329531964,1.3463380621182623,0.8196063313923448,False,True,True,nan
20,nominal,CBF-QP,6,12.295146553444582,1.0336886971590182,0.6342509690289461,False,True,True,nan
20,nominal,CBF-QP,7,12.259660475028635,0.7623830897342112,0.7181103572404843,True,True,True,nan
20,nominal,CBF-QP,8,12.230064584450728,1.1691261500978616,0.9676623690050669,False,True,True,nan
20,nominal,CBF-QP,9,12.226903385193605,1.3505671061634477,0.6989287337151562,False,True,True,nan
20,nominal,CBF-QP,10,12.232885139142683,1.2254909985482811,0.795256556959983,False,True,True,nan
20,nominal,CBF-QP,11,12.219698759012447,1.265015633724421,0.7676132145776793,False,True,True,nan
20,nominal,CBF-QP,12,12.22307816065279,1.2034792276425927,0.7080587094617059,False,True,True,nan
20,nominal,CBF-QP,13,12.227615818482944,1.0509563400827806,0.6598419646350502,False,True,True,nan
20,nominal,CBF-QP,14,12.237295729263632,0.9353505600819179,0.6566901720444667,True,True,True,nan
20,nominal,CBF-QP,15,12.226246891858933,1.1735917872626433,0.7931484837342728,False,True,True,nan
20,nominal,CBF-QP,16,12.21752874256171,0.7491149790785271,0.8243556532709506,True,True,True,nan
20,nominal,CBF-QP,17,12.23183343580792,1.2340285151663002,0.8465324588098933,False,True,True,nan
20,nominal,CBF-QP,18,12.220194932324272,1.2191584075673696,0.8470445842436476,False,True,True,nan
20,nominal,CBF-QP,19,12.204156359903376,1.4130244991300853,0.6237390612990035,False,True,True,nan
20,nominal,CBF-QP,20,12.205095944352022,0.7392397541313867,0.8438583771474475,True,True,True,nan
20,nominal,CBF-QP,21,12.203796628078942,0.74111185936793,0.7551517083825949,True,True,True,nan
20,nominal,CBF-QP,22,12.239728237190418,0.8617466324165839,0.6236306565334517,True,True,True,nan
20,nominal,CBF-QP,23,12.21118376595597,1.1599553706972405,0.86855754599261,False,True,True,nan
20,nominal,CBF-QP,24,12.238140117637036,0.816213413291684,0.7036411512902174,True,True,True,nan
20,disturbed,GA-STT,0,4.7870238659130795,0.49232926275188943,0.7822113239781991,True,True,True,nan
20,disturbed,GA-STT,1,5.054990259325814,0.46141302970802156,0.6586739566596834,True,True,True,nan
20,disturbed,GA-STT,2,5.172603876657731,0.5246992485560305,0.7038825273295368,True,True,True,nan
20,disturbed,GA-STT,3,4.604238036692117,0.5267202495573371,0.8969526173829542,True,True,False,nan
20,disturbed,GA-STT,4,4.718870697034767,0.43840457815579253,0.8384541711064408,True,True,True,nan
20,disturbed,GA-STT,5,4.684376300448438,0.7885031556025145,0.6366298863509309,True,True,False,nan
20,disturbed,GA-STT,6,5.149726089195328,0.4470944145931883,0.6777621308138887,True,True,True,nan
20,disturbed,GA-STT,7,4.78631421568098,0.4430841336231205,0.9101767855190412,True,True,True,nan
20,disturbed,GA-STT,8,4.529405457314141,0.4450471933195317,0.9105883759657638,True,True,True,nan
20,disturbed,GA-STT,9,4.622325943708509,0.6179270487780395,0.6946282293146153,True,True,False,nan
20,disturbed,GA-STT,10,5.132266313092761,0.4834687978468594,0.6116194252363072,True,True,True,nan
20,disturbed,GA-STT,11,4.62513900061876,0.6827431401063175,1.0465245925906017,True,True,False,nan
20,disturbed,GA-STT,12,4.920354063242422,0.4718210062070508,0.7614115331706084,True,True,True,nan
20,disturbed,GA-STT,13,5.663851365580722,0.518276855177842,0.750340512087549,True,True,True,nan
20,disturbed,GA-STT,14,5.746387963936942,0.5630839249070315,0.6950808486647896,True,True,False,nan
20,disturbed,GA-STT,15,4.929130687532173,0.49698120822856784,0.7473736343548621,True,True,True,nan
20,disturbed,GA-STT,16,4.727366373790033,0.47814287030062974,0.7151045631763303,True,True,True,nan
20,disturbed,GA-STT,17,5.013200916522338,0.5846068556314579,0.7244057248754785,True,True,True,nan
20,disturbed,GA-STT,18,5.062557718517925,0.4747310143849337,0.8880672960935989,True,True,True,nan
20,disturbed,GA-STT,19,4.670681139765704,0.5886261787159998,0.7417446250178755,True,True,False,nan
20,disturbed,GA-STT,20,5.008693700827701,0.5925764405294986,0.8004295556639496,True,True,False,nan
20,disturbed,GA-STT,21,5.165832621773292,0.5708079758114059,0.7374780764914303,True,True,False,nan
20,disturbed,GA-STT,22,4.654168870335854,0.615173725866984,0.814205700384377,True,True,False,nan
20,disturbed,GA-STT,23,4.802218898815392,0.523612137246996,0.5914310127235097,True,True,False,nan
20,disturbed,GA-STT,24,4.48043321948642,0.6345395348775895,1.2801200760097582,True,True,False,nan
20,disturbed,Baseline,0,4.684271807095532,0.6480882376621353,0.6768454453722825,True,True,False,nan
20,disturbed,Baseline,1,4.957592444659942,0.6855388604457172,0.6948194932056341,True,True,True,nan
20,disturbed,Baseline,2,5.057085589486219,0.6061913153282456,0.6585772202991547,True,True,True,nan
20,disturbed,Baseline,3,4.492223461725168,0.7008065901525216,0.9141079763952424,True,True,False,nan
20,disturbed,Baseline,4,4.615945363048099,0.5650140234734307,0.8072067676915269,True,True,True,nan
20,disturbed,Baseline,5,4.564604509802625,0.7861827081509647,0.5767908344529056,True,True,False,nan
20,disturbed,Baseline,6,5.045150144204135,0.6879982460480238,0.6502561485392404,True,True,True,nan
20,disturbed,Baseline,7,4.670097843746226,0.6958023448590729,0.935098039984559,True,True,True,nan
20,disturbed,Baseline,8,4.423604090447593,0.7230744379537296,0.7668900862934489,True,True,False,nan
20,disturbed,Baseline,9,4.520668598983766,0.7293946587666225,0.5519069668719937,True,True,False,nan
20,disturbed,Baseline,10,5.009179046803568,0.6612980559372704,0.5695369727614197,True,True,True,nan
20,disturbed,Baseline,11,4.522547402277423,0.7673221129763701,1.0845338624970422,True,True,False,nan
20,disturbed,Baseline,12,4.805689141695467,0.7164873178266601,0.6654575640724132,True,True,True,nan
20,disturbed,Baseline,13,5.554814318134955,0.6350587801951408,0.6667849477906109,True,True,True,nan
20,disturbed,Baseline,14,5.637333539528931,0.672809196960134,0.6061144700188746,True,True,True,nan
20,disturbed,Baseline,15,4.825414149919283,0.6800791845676118,0.8063658852277099,True,True,True,nan
20,disturbed,Baseline,16,4.605106910818987,0.6776244936636764,0.6013618094033026,True,True,True,nan
20,disturbed,Baseline,17,4.909961754582284,0.7295632807456559,0.6348959455110776,True,True,True,nan
20,disturbed,Baseline,18,4.951641077156656,0.6783447161419306,0.8492751797929481,True,True,False,nan
20,disturbed,Baseline,19,4.569893886764361,0.7164122089108095,0.6398432468528293,True,True,True,nan
20,disturbed,Baseline,20,4.900846135375296,0.741634538179303,0.694115863070437,True,True,True,nan
20,disturbed,Baseline,21,5.05119203163608,0.5099533573523851,0.6587650398972619,True,True,True,nan
20,disturbed,Baseline,22,4.539662734349218,0.7191262993297391,0.7987609792699191,True,True,True,nan
20,disturbed,Baseline,23,4.697617535106926,0.7338536067548777,0.5751853336279908,True,True,False,nan
20,disturbed,Baseline,24,4.374685724222513,0.8007116093042088,1.376501797673606,True,True,False,nan
20,disturbed,CBF-QP,0,12.230555120186871,0.892346292189729,0.7508818318096009,True,True,True,nan
20,disturbed,CBF-QP,1,12.207237551549554,1.198847647837513,0.743688468623231,False,True,True,nan
20,disturbed,CBF-QP,2,12.221882024021882,1.4724099157891661,0.7447557073460604,False,True,True,nan
20,disturbed,CBF-QP,3,12.215189091089988,0.9776781237947549,0.9291741552024739,True,True,True,nan
20,disturbed,CBF-QP,4,12.200603523091878,1.2276309998623736,0.9009321516931001,False,True,True,nan
20,disturbed,CBF-QP,5,12.218525624925755,1.5586881927967247,0.844408224191388,False,True,True,nan
20,disturbed,CBF-QP,6,12.226342440866445,0.750914772354982,0.6835705995909809,True,True,True,nan
20,disturbed,CBF-QP,7,12.209600238453993,0.6655835962472829,0.6958872486474258,True,True,True,nan
20,disturbed,CBF-QP,8,12.215195942443586,0.7188727505139783,0.8581527458268936,True,True,True,nan
20,disturbed,CBF-QP,9,12.238856482600061,0.7337688925391794,0.6842630433821861,True,True,True,nan
20,disturbed,CBF-QP,10,12.20485021946948,1.2353658195423152,0.5865969323028194,False,True,True,nan
20,disturbed,CBF-QP,11,12.327857479442649,0.8258717645413982,0.7006439308740412,True,True,True,nan
20,disturbed,CBF-QP,12,12.214358622405863,0.7248634877217914,0.6477379089204047,True,True,True,nan
20,disturbed,CBF-QP,13,12.253491442765675,1.1596971308539592,0.6843074795991866,False,True,True,nan
20,disturbed,CBF-QP,14,12.213553015189708,1.291579362177835,0.6918116127456517,False,True,True,nan
20,disturbed,CBF-QP,15,12.212516769776467,1.1118688803362606,0.7172324002079773,False,True,True,nan
20,disturbed,CBF-QP,16,12.192589403556017,0.8881823878179904,0.8153519294250595,True,True,True,nan
20,disturbed,CBF-QP,17,12.221405419354914,1.0729234255039957,0.7254555076939339,False,True,True,nan
20,disturbed,CBF-QP,18,12.24029278874442,1.1649168897228634,0.7118043427556451,False,True,True,nan
20,disturbed,CBF-QP,19,12.217858326384437,1.4386967023519845,0.9141191273552531,False,True,True,nan
20,disturbed,CBF-QP,20,12.21598110942097,1.0411664923176245,0.5928755064597757,False,True,True,nan
20,disturbed,CBF-QP,21,12.22068009297089,1.050945203588698,0.7422863246376641,False,True,True,nan
20,disturbed,CBF-QP,22,12.200927549005138,1.0263652144939834,0.7408197540929807,False,True,True,nan
20,disturbed,CBF-QP,23,12.220728981039594,0.7285357286165622,0.6262485782343348,True,True,True,nan
20,disturbed,CBF-QP,24,12.188820764073714,0.7655597227110426,0.9292925318707582,True,True,True,nan
25,nominal,GA-STT,0,5.666065447191276,0.4865942609250303,0.7058923076449855,True,True,True,nan
25,nominal,GA-STT,1,5.6664615028528855,0.4766106047817471,0.6843200591240862,True,True,True,nan
25,nominal,GA-STT,2,5.521404146745079,0.48725466274386414,0.8739345816881521,True,True,True,nan
25,nominal,GA-STT,3,5.533070235294499,0.48356385411239095,0.7355668678400522,True,True,True,nan
25,nominal,GA-STT,4,5.37709746930634,0.4843609630576128,0.8622833494181589,True,True,True,nan
25,nominal,GA-STT,5,5.607440447810836,0.4875142823407067,0.7760213306992205,True,True,True,nan
25,nominal,GA-STT,6,5.325152239093226,0.49494463414616735,0.6959664946169329,True,True,True,nan
25,nominal,GA-STT,7,4.748867784917056,0.4924068326273683,0.9480262909090296,True,True,True,nan
25,nominal,GA-STT,8,5.682095517422141,0.4701373842872291,0.7556060923153023,True,True,True,nan
25,nominal,GA-STT,9,4.971364562924309,0.48643459616273654,0.8802007663195867,True,True,True,nan
25,nominal,GA-STT,10,5.458321032887217,0.4860956887899589,0.6690973633511799,True,True,True,nan
25,nominal,GA-STT,11,5.044901683101891,0.48319033302786896,0.9423632276234541,True,True,True,nan
25,nominal,GA-STT,12,5.437846129675026,0.4459731579268751,0.7388283907856534,True,True,True,nan
25,nominal,GA-STT,13,5.611533684369072,0.4855320142628426,0.6351454937723247,True,True,True,nan
25,nominal,GA-STT,14,5.65723129222279,0.4865375627596442,0.8686055259599321,True,True,True,nan
25,nominal,GA-STT,15,6.146388283353355,0.46835194833749877,0.7419440168828074,True,True,True,nan
25,nominal,GA-STT,16,5.281494160646834,0.4867410642991492,0.6916429321878015,True,True,True,nan
25,nominal,GA-STT,17,5.49562683175579,0.4374844434465868,0.760032313542854,True,True,True,nan
25,nominal,GA-STT,18,5.402758370680614,0.4866972078200014,0.7466999373442033,True,True,True,nan
25,nominal,GA-STT,19,6.011993975309606,0.46837020521105294,0.7321018257615519,True,True,True,nan
25,nominal,GA-STT,20,5.2001118064467535,0.47549017719304665,0.844183776010309,True,True,True,nan
25,nominal,GA-STT,21,5.27565671282572,0.4823626213611008,0.7228242101242272,True,True,True,nan
25,nominal,GA-STT,22,5.807235403517897,0.48341697998017696,0.7512395232020812,True,True,True,nan
25,nominal,GA-STT,23,6.55873397724804,0.4862615316799708,0.7782438133011682,True,True,True,nan
25,nominal,GA-STT,24,5.3334337564827425,0.47389517296214223,0.735974101638625,True,True,True,nan
25,nominal,Baseline,0,5.6040358380722886,0.7311743502688379,0.46047470168663684,True,True,False,nan
25,nominal,Baseline,1,5.576205344713229,0.6140889112539574,0.708774310599585,True,True,True,nan
25,nominal,Baseline,2,5.44616201264112,0.7404017068737785,0.7401327408942215,True,True,True,nan
25,nominal,Baseline,3,5.438978399729292,0.6617747864668048,0.5767330405220586,True,True,True,nan
25,nominal,Baseline,4,5.2826539240965955,0.6650794440880922,0.8837910000094241,True,True,True,nan
25,nominal,Baseline,5,5.547390838713504,0.7415904896062105,0.6109593560614806,True,True,True,nan
25,nominal,Baseline,6,5.22883253448287,0.736609165208955,0.5450866237314421,True,True,True,nan
25,nominal,Baseline,7,4.836858588225586,0.7476862257115495,0.790033191086878,True,True,False,nan
25,nominal,Baseline,8,5.589018985466074,0.5921722338510601,0.604289405910768,True,True,True,nan
25,nominal,Baseline,9,4.891149416207491,0.7265041140210381,0.8215093062445945,True,True,False,nan
25,nominal,Baseline,10,5.36346683681651,0.7125427855352704,0.6471623884181874,True,True,True,nan
25,nominal,Baseline,11,4.956735817812888,0.6522974299078715,0.9375085237634955,True,True,True,nan
25,nominal,Baseline,12,5.336614558469778,0.535563815932458,0.74138608433941,True,True,True,nan
25,nominal,Baseline,13,5.520019703347016,0.6872017141175667,0.5051832972472645,True,True,True,nan
25,nominal,Baseline,14,5.584177741950502,0.7289202319293955,0.6529456659740852,True,True,True,nan
25,nominal,Baseline,15,6.045998531926688,0.7398672572661347,0.5996535558120573,True,True,True,nan
25,nominal,Baseline,16,5.211308540161142,0.7341503310440638,0.6737440112083115,True,True,True,nan
25,nominal,Baseline,17,5.390205388977363,0.6293540999935837,0.5547499845681265,True,True,False,nan
25,nominal,Baseline,18,5.332981494635334,0.733680775504038,0.6256073191875272,True,True,True,nan
25,nominal,Baseline,19,5.910544368741988,0.5878893257188749,0.7120957263922336,True,True,True,nan
25,nominal,Baseline,20,5.1020705724032105,0.6488031642537454,0.7673051772024826,True,True,True,nan
25,nominal,Baseline,21,5.208577304821119,0.7218476974969013,0.5013228609182568,True,True,True,nan
25,nominal,Baseline,22,5.691341820403551,0.6616390817789061,0.5909586351006466,True,True,True,nan
25,nominal,Baseline,23,6.479772879175711,0.7294108774881812,0.6276699210780993,True,True,False,nan
25,nominal,Baseline,24,5.233099616725725,0.6355603598099563,0.5611782702227848,True,True,True,nan
25,nominal,CBF-QP,0,14.340754012665123,0.7392231203628191,0.6534999803622792,True,True,True,nan
25,nominal,CBF-QP,1,14.35957769766053,1.3090789435707069,0.5992757671759266,False,True,True,nan
25,nominal,CBF-QP,2,14.359664953184899,0.7447991205598576,0.6074140713935061,True,True,True,nan
25,nominal,CBF-QP,3,14.37365685451587,1.2480861420739007,0.7276399110676461,False,True,True,nan
25,nominal,CBF-QP,4,14.329151076532481,1.2063371170987935,0.7017347009611824,False,True,True,nan
25,nominal,CBF-QP,5,14.33487330422286,0.7673768296389274,0.5895882521089665,True,True,True,nan
25,nominal,CBF-QP,6,14.33775398672844,1.0816964814776304,0.7125214319603418,False,True,True,nan
25,nominal,CBF-QP,7,14.322137187223893,0.7392235042381564,1.0489295710154918,True,True,True,nan
25,nominal,CBF-QP,8,14.365891742572941,1.1966227154298685,0.7039206793925441,False,True,True,nan
25,nominal,CBF-QP,9,14.353862204944095,0.7573203608276223,0.9890142896595259,True,True,True,nan
25,nominal,CBF-QP,10,14.347891802045755,0.9167030216345712,0.5977321979117407,True,True,True,nan
25,nominal,CBF-QP,11,14.331644588855507,1.150408191393428,1.0307160724813764,False,True,True,nan
25,nominal,CBF-QP,12,14.367188227093136,1.1290581274454976,0.7029301097241888,False,True,True,nan
25,nominal,CBF-QP,13,14.372302728624359,1.1003038135999228,0.6266856172930784,False,True,True,nan
25,nominal,CBF-QP,14,14.35793899051672,0.757340950040778,0.6379825533817883,True,True,True,nan
25,nominal,CBF-QP,15,14.388665896903351,1.1706579015830167,0.6219876163469406,False,True,True,nan
25,nominal,CBF-QP,16,14.36303802973715,0.7392239807810983,0.6241320499743337,True,True,True,nan
25,nominal,CBF-QP,17,14.369365951917032,1.073410691794346,0.6744217361800731,False,True,True,nan
25,nominal,CBF-QP,18,14.383426146115031,0.7392232426470673,0.6017520675117516,True,True,True,nan
25,nominal,CBF-QP,19,14.336532518675067,1.0844296647422316,0.6533298504668891,False,True,True,nan
25,nominal,CBF-QP,20,14.329690700182251,1.0503797745450913,0.6134860457285637,False,True,True,nan
25,nominal,CBF-QP,21,14.36755873749,1.3134191788685396,0.8305665313067344,False,True,True,nan
25,nominal,CBF-QP,22,14.39320710059275,1.2943960893578403,0.6924269155467215,False,True,True,nan
25,nominal,CBF-QP,23,14.395697624924242,0.8255827182905804,0.6003165164967813,True,True,True,nan
25,nominal,CBF-QP,24,14.366619975329261,1.3415341476042864,0.7144147920020315,False,True,True,nan
25,disturbed,GA-STT,0,5.324634899394239,0.6464596646326569,0.8003869828838728,True,True,False,nan
25,disturbed,GA-STT,1,nan,nan,nan,False,False,False,nan
25,disturbed,GA-STT,2,5.528014888687945,0.7418869839473604,0.5429861130977632,True,True,False,nan
25,disturbed,GA-STT,3,5.268204943726891,0.48699800872277244,0.9309170744028024,True,True,True,nan
25,disturbed,GA-STT,4,5.199815326400103,0.5462994522327714,0.7799011324866921,True,True,True,nan
25,disturbed,GA-STT,5,6.11852424225192,0.5455323552786312,0.6941611311608289,True,True,True,nan
25,disturbed,GA-STT,6,5.394749251109997,0.47289980794731257,0.7337117854341861,True,True,True,nan
25,disturbed,GA-STT,7,5.345948436432549,0.5013325265451435,0.6574975288584556,True,True,True,nan
25,disturbed,GA-STT,8,5.332500303594258,0.46584268747098767,0.5861608934238334,True,True,True,nan
25,disturbed,GA-STT,9,5.6467444655159955,0.5586629160371934,0.8233508985650684,True,True,True,nan
25,disturbed,GA-STT,10,5.3647308083691945,0.5427265140904036,0.5544616509247042,True,True,True,nan
25,disturbed,GA-STT,11,5.411023011405906,0.6385788080586309,0.7164204521927295,True,True,False,nan
25,disturbed,GA-STT,12,5.898306800137267,0.5010082627141886,0.6405983283131975,True,True,True,nan
25,disturbed,GA-STT,13,5.763682757710386,0.5413973864811366,0.7888239276343956,True,True,False,nan
25,disturbed,GA-STT,14,5.577057340292456,0.4644367050082613,0.645017980297568,True,True,True,nan
25,disturbed,GA-STT,15,5.991810282088809,0.536543611838094,0.6465943401242281,True,True,False,nan
25,disturbed,GA-STT,16,5.535625500283991,0.6321487486046754,0.7309971058009704,True,True,False,nan
25,disturbed,GA-STT,17,5.957089487695294,0.5619754533079726,0.6878645417006368,True,True,True,nan
25,disturbed,GA-STT,18,5.185852593967291,0.4882337651655377,0.9265040834986767,True,True,True,nan
25,disturbed,GA-STT,19,5.608173520578687,0.4447141583278273,0.8678509746689602,True,True,True,nan
25,disturbed,GA-STT,20,5.46031430103925,0.4715707459709984,0.786969060033099,True,True,True,nan
25,disturbed,GA-STT,21,4.932600614168112,0.6197503405664269,1.0328704108895943,True,True,False,nan
25,disturbed,GA-STT,22,5.232562342190318,0.5064443282846025,0.785609931655278,True,True,True,nan
25,disturbed,GA-STT,23,5.508820999353008,0.5786415047608691,0.7237571213719791,True,True,True,nan
25,disturbed,GA-STT,24,5.328783981656797,0.5555562501224979,0.66401078146534,True,True,True,nan
25,disturbed,Baseline,0,5.215751523069745,0.7515550014582646,0.8622868592232167,True,True,True,nan
25,disturbed,Baseline,1,nan,nan,nan,False,False,False,nan
25,disturbed,Baseline,2,5.412085130308507,0.7282929062372466,0.4883648111795301,True,True,True,nan
25,disturbed,Baseline,3,5.153294656535144,0.7169909939314937,0.8797704204929735,True,True,True,nan
25,disturbed,Baseline,4,5.097494141039801,0.6617981555228792,0.7064598329811843,True,True,False,nan
25,disturbed,Baseline,5,6.002316906416253,0.6941024675000501,0.6341634016842982,True,True,False,nan
25,disturbed,Baseline,6,5.283487741920463,0.68663299745256,0.627689714376066,True,True,False,nan
25,disturbed,Baseline,7,5.2302020897828685,0.6823046422962437,0.5504888640541196,True,True,False,nan
25,disturbed,Baseline,8,5.223414006948835,0.8937098768823252,0.23717983018605482,True,True,False,nan
25,disturbed,Baseline,9,5.50393062112654,0.7011368773015246,0.6363538813408312,True,True,False,nan
25,disturbed,Baseline,10,5.254787678669362,0.665318190211483,0.5501443589880849,True,True,False,nan
25,disturbed,Baseline,11,5.310735805816357,0.7546651833530755,0.5070658584881453,True,True,False,nan
25,disturbed,Baseline,12,5.768725077781949,0.6435029570366015,0.5778755865425023,True,True,True,nan
25,disturbed,Baseline,13,5.663797865296983,0.7034277630439217,0.6822017565030332,True,True,True,nan
25,disturbed,Baseline,14,5.4674149437172295,0.7431923873789159,0.3818981940239762,True,True,False,nan
25,disturbed,Baseline,15,5.888275853251256,0.7084023589780498,0.5895489506363625,True,True,True,nan
25,disturbed,Baseline,16,5.431291359894213,0.7861200224674668,0.4755001640658285,True,True,True,nan
25,disturbed,Baseline,17,5.853190827339621,0.6676559180328956,0.634470954283086,True,True,True,nan
25,disturbed,Baseline,18,5.082812630625086,0.6978574978353049,0.677556829080324,True,True,False,nan
25,disturbed,Baseline,19,5.504013989870361,0.6256406834679398,0.6552128539856906,True,True,False,nan
25,disturbed,Baseline,20,5.3600069702844015,0.6212434427574544,0.6558810634054757,True,True,True,nan
25,disturbed,Baseline,21,4.827732780512064,0.7943704874940001,0.9947882467428617,True,True,False,nan
25,disturbed,Baseline,22,5.1222849398808625,0.6313147927760202,0.5017361969235281,True,True,False,nan
25,disturbed,Baseline,23,5.401872476311315,0.7405160714585411,0.6488849154992612,True,True,True,nan
25,disturbed,Baseline,24,5.230919805836227,0.7028932535768395,0.5363066073742973,True,True,True,nan
25,disturbed,CBF-QP,0,14.372303984172303,0.9671018332761329,0.7482813732747075,True,True,True,nan
25,disturbed,CBF-QP,1,14.429672506655194,1.2998313212410653,0.6106313788254805,False,True,True,nan
25,disturbed,CBF-QP,2,14.380096531932981,1.2643694778125205,0.6487197389470152,False,True,True,nan
25,disturbed,CBF-QP,3,14.36438652368943,0.9315974341256688,0.8054248161209798,True,True,True,nan
25,disturbed,CBF-QP,4,14.579431608467315,1.1072923228294682,0.8846079094906035,False,True,True,nan
25,disturbed,CBF-QP,5,14.587891819739006,1.1349186948866927,0.6216089389548706,False,True,True,nan
25,disturbed,CBF-QP,6,14.577218318167775,1.1367861520633686,0.8527333161319242,False,True,True,nan
25,disturbed,CBF-QP,7,14.56473550851846,1.184552008576475,0.9163772552333077,False,True,True,nan
25,disturbed,CBF-QP,8,14.572942445899665,1.13194786107104,0.7833631786031896,False,True,True,nan
25,disturbed,CBF-QP,9,14.383166907655893,0.834084114332103,0.690803715341298,True,True,True,nan
25,disturbed,CBF-QP,10,14.382101372555427,1.0533260906901922,0.7342660280331491,False,True,True,nan
25,disturbed,CBF-QP,11,14.48335213220856,1.3003130927156126,0.6378332676799021,False,True,True,nan
25,disturbed,CBF-QP,12,14.373978569869058,1.3766411391313496,0.6153291943733177,False,True,True,nan
25,disturbed,CBF-QP,13,14.358155063262007,0.9953026618179391,0.6446165757887378,True,True,True,nan
25,disturbed,CBF-QP,14,14.48066532321683,0.8200977798418148,0.5852165954354127,True,True,True,nan
25,disturbed,CBF-QP,15,14.365506132855488,0.9907832457875972,0.6322021023812123,True,True,True,nan
25,disturbed,CBF-QP,16,14.353367838716554,1.0887618817652294,0.7978729129034814,False,True,True,nan
25,disturbed,CBF-QP,17,14.373858669799583,1.4815959257697415,0.6348768952604633,False,True,True,nan
25,disturbed,CBF-QP,18,14.345434797588478,0.7926686167994204,0.7337862211721528,True,True,True,nan
25,disturbed,CBF-QP,19,14.349637194831992,1.1713648437085642,0.6445965811916734,False,True,True,nan
25,disturbed,CBF-QP,20,14.3624621063009,1.3272983841581025,0.6958273495419443,False,True,True,nan
25,disturbed,CBF-QP,21,14.321043239707986,0.7624846524068408,0.9902920373735522,True,True,True,nan
25,disturbed,CBF-QP,22,14.338619645136312,1.0822905582687414,0.7714718296917809,False,True,True,nan
25,disturbed,CBF-QP,23,14.376860106264754,0.814132304020072,0.6570173166983758,True,True,True,nan
25,disturbed,CBF-QP,24,14.37618961349578,1.2071975224062423,0.6958642631119939,False,True,True,nan
